Model,Accuracy,Macro F1,Weighted F1,CV Score,,,,
LogisticRegression,0.765446224,0.700490383,0.764978302,0.726238466,,,,
LinearSVC,0.764302059,0.703509904,0.764738239,0.727852955,,,,
MultinomialNB,0.754576659,0.682593405,0.750954292,0.690861973,,,,
,,f1-score평균,F1-score를 샘플 수 비율로 가중 평균,test/train비중 나눠서 재검증,,,,
,,,,,,,,
,,,,,,,,
,"F1-score
분류 모델의 성능을 평가하는 지표 중 하나예요. 특히 Precision(정밀도) 과 Recall(재현율) 의 균형을 고려해서 계산",,,,,,,
,"Precision (정밀도) : 모델이 ""긍정""이라고 예측한 것 중 실제로 긍정인 비율
Recall (재현율) : 실제 ""긍정""인 것 중 모델이 긍정이라고 잘 맞춘 비율
",,,,,,,
